id,item,label,confidence,reason
PPS-D-017887,v9,1,medium,규격서에 GPU NVIDIA H200 NVL 모델 지정(dev DEV-09 Chipset 지정 양성과 같은 유형)
PPS-D-017887,v19,1,high,입찰등록시 서버제조사 정품공급확약서·기술지원확약서 제출 요구
PPS-D-017887,v20,1,medium,SW사업자 업종 요구 사업(dev DEV-132 전산기기 임차도 양성) · 대기업 참여제한 문구 없음
PPS-D-009489,v6,0,high,서울특별시(시도) 단위 제한 — 시군구 아님(주소 줄 오인)
PPS-D-009489,v7,0,high,제한은 서울 1곳; 서울·경기·인천은 처리시설 소재 조건
PPS-D-002013,v9,0,high,규격서에 동등 이상 납품 허용
PPS-D-004404,v5,0,high,울산 소재는 평가 가산점 조건 — 참가 제한 아님
PPS-D-011402,v7,1,high,본점 소재지를 서울·인천·경기로 제한(국가계약 1.2억)
PPS-D-020105,v20,0,high,SW사업자는 여러 허용 업종 중 하나 — SW 사업 아님
PPS-D-002024,v1,0,high,연구과제 세부과제 구성 예시 — 기관 한정 아님
PPS-D-001185,v6,0,high,'이야기 소재' 문장 오인 — 지역제한 없음
PPS-D-018252,v7,1,high,법인등기부상 소재지 경상북도 또는 대구광역시로 제한
PPS-D-017996,v7,1,medium,본점 소재지 제한(메타 경상북도·대구광역시)
PPS-D-003241,v2,1,high,추정 0.9억 용역에 1억 이상 실적 요구
PPS-D-003241,v3,1,high,요구 실적 1억 ≥ 사업예산 1억
PPS-D-003241,v7,1,high,본점 소재지 서울시 또는 경기도로 제한
PPS-D-019877,v1,0,high,'기업·대학·학술단체·협회 등이 수행' — 제한 아님
PPS-D-019612,v7,1,low,본문 제한 문구 없음·메타 등록 지역 서울·경기·인천
PPS-D-005719,v1,0,high,비영리법인은 허용 참가자 유형 중 하나 — 특정기관 한정 아님
PPS-D-000850,v6,1,low,본문 제한 문구 없음·메타 등록지역 시군구 단위
PPS-D-017887,v10,1,medium,컴퓨터서버(경쟁제품) 입찰에 직접생산확인 요구 없음
PPS-D-017887,v13,1,medium,경쟁제품(컴퓨터서버)을 소기업·소상공인으로 제한
PPS-D-010684,v10,0,medium,멘토링 사업 운영 — 행사기획 경쟁제품 아님
PPS-D-010684,v13,0,medium,경쟁제품 아님(1억 미만 소기업 제한은 적법)
PPS-D-021199,v18,1,medium,시행령 제2조의2 ①1·2호는 1억 미만 물품·용역을 소기업·소상공인 간 제한경쟁입찰로 체결하라고 정한다. 기업규모 제한도 제2조의3 예외 기재도 없다(조항호내용 '경쟁은 입찰의 방법으로 행함'·무탈락 완전관측)
PPS-D-002013,v18,1,medium,시행령 제2조의2 ①1·2호는 1억 미만 물품·용역을 소기업·소상공인 간 제한경쟁입찰로 체결하라고 정한다. 기업규모 제한도 제2조의3 예외 기재도 없다(조항호내용 '경쟁은 입찰의 방법으로 행함'·무탈락 완전관측)
PPS-D-014968,v13,0,low,교육 부트캠프 운영 — 행사기획 경쟁제품으로 보기 어려움
PPS-D-008096,v18,0,medium,시행령 제2조의3 ①4호 예외를 조항호내용에 기재(협상에 의한 계약) — ②항이 요구하는 나라장터 입력에 해당
PPS-D-019057,v18,0,medium,시행령 제2조의3 ①4호 예외를 조항호내용에 기재(협상에 의한 계약) — ②항이 요구하는 나라장터 입력에 해당
PPS-D-020105,v12,1,low,미디어 조형물 정비·데크 설치에 디자인·동영상 직생 요구(목적물과 불일치)
PPS-D-020105,v14,1,low,4.5억 비경쟁제품 용역을 중소기업으로 제한
PPS-D-021475,v18,1,medium,시행령 제2조의2 ①1·2호는 1억 미만 물품·용역을 소기업·소상공인 간 제한경쟁입찰로 체결하라고 정한다. 기업규모 제한도 제2조의3 예외 기재도 없다(조항호내용 '경쟁은 입찰의 방법으로 행함'·무탈락 완전관측)
PPS-D-002653,v15,0,high,제한 수준은 중소기업(중·소기업·소상공인확인서) — 소기업 제한 아님
PPS-D-001836,v10,0,medium,광고보드 설치·운영 — 행사기획 경쟁제품 아님
PPS-D-001836,v11,0,medium,경쟁제품 아님
PPS-D-017996,v10,0,medium,교육 연수 캠프 — 경쟁제품 아님
PPS-D-017996,v13,0,medium,경쟁제품 아님
PPS-D-019912,v10,1,medium,공동브랜드 디자인 개발(디자인서비스 경쟁제품) · 직생 요구 없음
PPS-D-019912,v13,1,medium,경쟁제품(디자인서비스)을 소기업·소상공인으로 제한
PPS-D-013945,v12,1,medium,DR센터 적정성 컨설팅에 정보시스템개발서비스 직생 요구
PPS-D-013945,v17,0,high,제한 수준은 소기업(법령명 속 중·소기업 오독)
PPS-D-007907,v18,0,medium,시행령 제2조의3 ①4호 예외를 조항호내용에 기재(협상에 의한 계약) — ②항이 요구하는 나라장터 입력에 해당
PPS-D-003241,v18,1,medium,1억 미만 제한경쟁인데 소기업·소상공인 제한 없음
PPS-D-019877,v18,0,medium,시행령 제2조의3 ①4호 예외를 조항호내용에 기재(협상에 의한 계약) — ②항이 요구하는 나라장터 입력에 해당
PPS-D-020552,v10,1,medium,"대학 축제 운영(축제기획, 3억 미만 경쟁제품) · 직생 요구 없음"
PPS-D-020552,v11,1,medium,경쟁제품인데 중소기업 제한 없음
PPS-D-014808,v14,0,high,중소기업 제한 없음(종합정보망 확인 안내 문구)
PPS-D-018442,v17,0,high,제한 수준은 소기업(법령명 속 중·소기업 오독)
PPS-D-009428,v10,0,high,관광 실태조사 — 경쟁제품 아님
PPS-D-000850,v18,1,medium,1억 미만 제한경쟁인데 소기업·소상공인 제한 없음
PPS-D-008221,v10,0,high,무인전자경비 = 기계경비업 — 시설물경비서비스 특이사항상 제외
PPS-D-008221,v11,0,high,경쟁제품 아님(기계경비 제외)
PPS-D-007888,v18,0,low,1천만원대 제한경쟁 · 우선조달 관련 운영요령 기재
PPS-D-010295,v12,1,medium,장서점검 용역에 데이터처리서비스 직생 요구
PPS-D-002023,v18,1,medium,시행령 제2조의2 ①1·2호는 1억 미만 물품·용역을 소기업·소상공인 간 제한경쟁입찰로 체결하라고 정한다. 기업규모 제한도 제2조의3 예외 기재도 없다(조항호내용 '경쟁은 입찰의 방법으로 행함'·무탈락 완전관측)
PPS-D-015234,v18,1,medium,1억 미만 제한경쟁인데 소기업·소상공인 제한 없음
PPS-D-017960,v10,0,high,해외 연수 위탁 — 경쟁제품 아님
PPS-D-017960,v11,0,high,경쟁제품 아님
PPS-D-012342,v13,1,medium,정보시스템 개선·유지보수(경쟁제품)를 소기업·소상공인으로 제한
PPS-D-005083,v10,0,high,교장 자격연수 운영 — 경쟁제품 아님
PPS-D-019538,v17,0,high,제한 수준은 소기업(법령명 속 중소기업 오독)
PPS-D-020840,v18,0,medium,시행령 제2조의3 ①4호 예외를 조항호내용에 기재(협상에 의한 계약) — ②항이 요구하는 나라장터 입력에 해당
PPS-D-021208,v13,0,high,제한 수준은 중소기업(중·소기업자 또는 소상공인)
PPS-D-001912,v10,1,low,신선한빵(경쟁제품) 입찰에 직생 요구 확인 안 됨
PPS-D-001912,v13,1,medium,경쟁제품(신선한빵)을 소기업·소상공인으로 제한
PPS-D-015908,v17,0,high,제한 수준은 소기업
PPS-D-012987,v18,0,medium,시행령 제2조의3 ①4호 예외를 조항호내용에 기재(협상에 의한 계약) — ②항이 요구하는 나라장터 입력에 해당
PPS-D-013874,v13,0,high,제한 수준은 중소기업(중소기업 또는 소상공인)
PPS-D-012658,v13,1,medium,경쟁제품(회의기획)을 소기업·소상공인으로 제한
PPS-D-008659,v16,1,medium,시행령 제2조의2 ①1·2호는 1억 미만 물품·용역을 소기업·소상공인 간 제한경쟁입찰로 체결하라고 정한다. 기업규모 제한도 제2조의3 예외 기재도 없다(조항호내용 '경쟁은 입찰의 방법으로 행함'·무탈락 완전관측)
PPS-D-010895,v16,1,medium,1억~2.3억 제한경쟁인데 본문에 중소기업 제한 없음
PPS-D-014207,v12,1,low,철도 정밀진단 지침 연구에 빅데이터·유지관리 직생 요구
PPS-D-021217,v12,0,medium,SW 사업(정보시스템개발 경쟁제품 추정) — 품목 호출이 과업 정보 없어 거부
PPS-D-018885,v18,1,medium,시행령 제2조의2 ①1·2호는 1억 미만 물품·용역을 소기업·소상공인 간 제한경쟁입찰로 체결하라고 정한다. 기업규모 제한도 제2조의3 예외 기재도 없다(조항호내용 '경쟁은 입찰의 방법으로 행함'·무탈락 완전관측)
PPS-D-021510,v17,0,high,제한 수준은 소기업
PPS-D-002535,v15,0,high,제한 수준은 중소기업(중·소기업·소상공인확인서)
PPS-D-002535,v19,1,high,도소매업자는 제조사 제품공급확약서를 입찰등록 마감까지 제출
PPS-D-016651,v12,0,low,인쇄물 제작 — 경쟁제품 여부 불명확
PPS-D-016651,v22,1,high,협상계약에서 제안요청 설명회 참석자로 참가자격 제한
PPS-D-004785,v10,0,high,숲해설 교육 운영 — 경쟁제품 아님
PPS-D-005209,v10,0,high,통학운송 직접생산확인증명서 요구 있음(줄바꿈 미탐지)
PPS-D-018380,v6,0,low,국가계약 2천만원 이하 소액수의 — 지역제한 허용 범위로 판단
PPS-D-019259,v9,0,medium,기설치 실외기 호환 조건 — 특정 제조사 모델 지정 아님
PPS-D-017949,v17,0,high,제한 수준은 소기업·소상공인(종합정보망 안내 문구 오독)
PPS-D-019735,v15,0,high,제한 수준은 중소기업(중․소기업 표기)
PPS-D-009245,v17,0,high,제한 수준은 소기업·소상공인(중소기업벤처부 기관명 오독)
PPS-D-020923,v17,0,high,제한 수준은 소기업·소상공인(중소기업벤처부 기관명 오독)
PPS-D-021217,v13,0,high,제한 수준은 중소기업(중･소기업 표기)
PPS-D-004813,v17,0,high,제한 수준은 소기업·소상공인
PPS-D-016651,v17,1,low,1억 미만 용역에 중소기업자 제한(직생 증명 조건)
PPS-D-002023,v9,1,medium,규격서에 Advantech HPC-7485 섀시·보드 모델 지정(동등 이상 문구 없음)
PPS-D-001185,v15,1,medium,추정 1.36억 용역에 소기업·소상공인확인서 요구(본문 '중소기업자 또는 소상공인'이나 확인서가 소기업 수준 — dev DEV-076·077 관례)
PPS-D-002278,v14,1,high,추정 13.6억(고시금액 이상) 학술연구용역에 소기업·소상공인 제한
PPS-D-005083,v11,0,high,교장 자격연수 운영 — 경쟁제품 아님(운영위탁서비스(IT) 오연결)
PPS-D-014207,v17,1,medium,"추정 4,531만 원 연구용역에 중소기업·소상공인확인서 요구 — 목적물은 경쟁제품 아님(v12 판단과 같음 · dev DEV-053 관례)"
PPS-D-005839,v18,0,high,소기업·소상공인·벤처·창업기업 제한이 있음(1억 미만 적법) — 목록 줄 미탐지로 인한 판정
PPS-D-014968,v20,0,medium,공고명 '기상-AI 부스트캠프 운영 대행 용역'·면허 소프트웨어사업자(디지털콘텐츠개발서비스)와 국제회의기획업 동시 요구 — SW진흥법 제2조2호·3호의 소프트웨어 개발·운영 관련 경제활동이 아니라 교육·행사 운영 대행으로 읽힌다
PPS-D-014146,v20,0,medium,물품 제조 소액수의 견적제출 공고(계약방법 수의계약) — 중소SW사업자 지침 제3조2항의 명시 의무는 '입찰공고문 또는 제안요청서'를 대상으로 하고 SW진흥법 제48조2항은 입찰 참여 제한이라 소액수의 견적 공고에는 문언이 닿지 않는다
